{
    "nUser(10)timeslot(0.0005)userLambda(500)": {
        "userThroughputTotalStat": {
            "0.1": [
                18993.296298446206,
                19037.75422786951
            ],
            "0.05": [
                18988.093558952933,
                19042.956967362785
            ],
            "0.01": [
                18976.116627530588,
                19054.93389878513
            ]
        },
        "userThroughputStat": {
            "0.1": [
                18993.196334255088,
                19037.654029690515
            ],
            "0.05": [
                18987.993622144513,
                19042.85674180109
            ],
            "0.01": [
                18976.01675375832,
                19054.833610187285
            ]
        },
        "packetDelayStat": {
            "0.1": [
                0.00027485390003448117,
                0.0002753971137952809
            ],
            "0.05": [
                0.00027479032982949723,
                0.00027546068400026484
            ],
            "0.01": [
                0.0002746439884671088,
                0.00027560702536265325
            ]
        }
    },
    "nUser(10)timeslot(0.0005)userLambda(50)": {
        "userThroughputTotalStat": {
            "0.1": [
                1896.4189681591693,
                1910.169663419781
            ],
            "0.05": [
                1894.80977748789,
                1911.7788540910603
            ],
            "0.01": [
                1891.1053509371652,
                1915.483280641785
            ]
        },
        "userThroughputStat": {
            "0.1": [
                1896.4089870592386,
                1910.1596099481515
            ],
            "0.05": [
                1894.7998048573393,
                1911.7687921500508
            ],
            "0.01": [
                1891.0953978034936,
                1915.4731992038965
            ]
        },
        "packetDelayStat": {
            "0.1": [
                0.00025150760514903764,
                0.0002525505098758585
            ],
            "0.05": [
                0.0002513855580433731,
                0.00025267255698152303
            ],
            "0.01": [
                0.00025110460032547665,
                0.00025295351469941947
            ]
        }
    },
    "nUser(10)timeslot(0.0015)userLambda(500)": {
        "userThroughputTotalStat": {
            "0.1": [
                18993.195457331098,
                19037.66538477418
            ],
            "0.05": [
                18987.99131375598,
                19042.869528349296
            ],
            "0.01": [
                18976.011150076487,
                19054.84969202879
            ]
        },
        "userThroughputStat": {
            "0.1": [
                18993.295422043822,
                19037.765583540513
            ],
            "0.05": [
                18988.09125107832,
                19042.969754506015
            ],
            "0.01": [
                18976.111024344966,
                19054.94998123937
            ]
        },
        "packetDelayStat": {
            "0.1": [
                0.0011306015008741563,
                0.001135441975710039
            ],
            "0.05": [
                0.001130035038829668,
                0.0011360084377545275
            ],
            "0.01": [
                0.0011287310186939355,
                0.00113731245789026
            ]
        }
    },
    "nUser(10)timeslot(0.0015)userLambda(50)": {
        "userThroughputTotalStat": {
            "0.1": [
                1896.4050244184677,
                1910.155817686797
            ],
            "0.05": [
                1894.7958222777245,
                1911.7650198275403
            ],
            "0.01": [
                1891.0913693237972,
                1915.4694727814676
            ]
        },
        "userThroughputStat": {
            "0.1": [
                1896.4150055500763,
                1910.1658711913828
            ],
            "0.05": [
                1894.8057949398037,
                1911.7750818016555
            ],
            "0.01": [
                1891.1013224886528,
                1915.4795542528063
            ]
        },
        "packetDelayStat": {
            "0.1": [
                0.0007687912343959685,
                0.0007716287082521184
            ],
            "0.05": [
                0.0007684591758074552,
                0.0007719607668406317
            ],
            "0.01": [
                0.0007676947625693975,
                0.0007727251800786894
            ]
        }
    },
    "nUser(100)timeslot(0.0005)userLambda(50)": {
        "userThroughputTotalStat": {
            "0.1": [
                1898.302956155481,
                1901.0251912129418
            ],
            "0.05": [
                1897.9843835177728,
                1901.34376385065
            ],
            "0.01": [
                1897.2510155219697,
                1902.077131846453
            ]
        },
        "userThroughputStat": {
            "0.1": [
                1898.2929651398736,
                1901.0151858698578
            ],
            "0.05": [
                1897.9743941788545,
                1901.3337568308768
            ],
            "0.01": [
                1897.2410300428626,
                1902.0671209668687
            ]
        },
        "packetDelayStat": {
            "0.1": [
                0.00027290550601587025,
                0.00027334277845865684
            ],
            "0.05": [
                0.0002728543337134955,
                0.0002733939507610316
            ],
            "0.01": [
                0.000272736532859338,
                0.0002735117516151891
            ]
        }
    },
    "nUser(100)timeslot(0.0005)userLambda(500)": {
        "userThroughputTotalStat": {
            "0.1": [
                18861.325374460244,
                18886.933046592396
            ],
            "0.05": [
                18858.32860765484,
                18889.9298133978
            ],
            "0.01": [
                18851.429920806597,
                18896.828500246043
            ]
        },
        "userThroughputStat": {
            "0.1": [
                18861.226104849156,
                18886.833642204794
            ],
            "0.05": [
                18858.229353816125,
                18889.830393237826
            ],
            "0.01": [
                18851.33070327657,
                18896.72904377738
            ]
        },
        "packetDelayStat": {
            "0.1": [
                0.5399661736477442,
                0.5951902666132795
            ],
            "0.05": [
                0.5335035116844216,
                0.6016529285766021
            ],
            "0.01": [
                0.5186261842224993,
                0.6165302560385244
            ]
        }
    },
    "nUser(100)timeslot(0.0015)userLambda(50)": {
        "userThroughputTotalStat": {
            "0.1": [
                1898.2803519463969,
                1900.9913743693942
            ],
            "0.05": [
                1897.9630914799234,
                1901.3086348358677
            ],
            "0.01": [
                1897.2327441590771,
                1902.038982156714
            ]
        },
        "userThroughputStat": {
            "0.1": [
                1898.290342948205,
                1901.0013796398118
            ],
            "0.05": [
                1897.9730808119314,
                1901.3186417760855
            ],
            "0.01": [
                1897.2427296471328,
                1902.048992940884
            ]
        },
        "packetDelayStat": {
            "0.1": [
                0.0012399901379397823,
                0.001251229283828913
            ],