{"nUser(10)timeslot(0.0005)userLambda(100)": {"userThroughputTotalStat": {"0.1": [3793.1893804746946, 3815.9160932095206], "0.05": [3790.5297612024615, 3818.5757124817537], "0.01": [3784.4072025630635, 3824.6982711211517]}, "userThroughputStat": {"0.1": [3793.1694164251294, 3815.8960095463162], "0.05": [3790.5098111508178, 3818.555614820628], "0.01": [3784.387284735241, 3824.6781412362047]}, "packetDelayStat": {"0.1": [0.0002499340271157837, 0.0002505142349128313], "0.05": [0.0002498661276418504, 0.0002505821343867646], "0.01": [0.00024970982011502464, 0.0002507384419135903]}}, "nUser(10)timeslot(0.0005)userLambda(2000)": {"userThroughputTotalStat": {"0.1": [75987.65566926317, 76053.37654126312], "0.05": [75979.96460985663, 76061.06760066966], "0.01": [75962.25945833088, 76078.77275219541]}, "userThroughputStat": {"0.1": [75987.25573633827, 76052.97626244067], "0.05": [75979.56471741077, 76060.66728136817], "0.01": [75961.85965906957, 76078.37233970937]}, "packetDelayStat": {"0.1": [0.0002499726389628046, 0.00025013162063629817], "0.05": [0.0002499540339525821, 0.00025015022564652066], "0.01": [0.0002499112044140602, 0.0002501930551850426]}}, "nUser(200)timeslot(0.0005)userLambda(100)": {"userThroughputTotalStat": {"0.1": [3798.2425089190065, 3801.351512133623], "0.05": [3797.8786743000933, 3801.7153467525363], "0.01": [3797.041111265189, 3802.5529097874405]}, "userThroughputStat": {"0.1": [3798.222518274174, 3801.331505125705], "0.05": [3797.8586855701697, 3801.6953378297094], "0.01": [3797.021126943468, 3802.532896456411]}, "packetDelayStat": {"0.1": [0.0002498896381206196, 0.00025001978374803466], "0.05": [0.00024987440768131636, 0.0002500350141873379], "0.01": [0.0002498393465510593, 0.00025007007531759496]}}, "nUser(10)timeslot(0.0015)userLambda(2000)": {"userThroughputTotalStat": {"0.1": [75986.94451291935, 76052.45232918591], "0.05": [75979.27838660107, 76060.11845550418], "0.01": [75961.63063212331, 76077.76620998194]}, "userThroughputStat": {"0.1": [75987.34444631112, 76052.85260735752], "0.05": [75979.67827964459, 76060.51877402405], "0.01": [75962.03043228341, 76078.16662138523]}, "packetDelayStat": {"0.1": [0.0007498837061339857, 0.0007502531803383293], "0.05": [0.0007498404679971759, 0.0007502964184751391], "0.01": [0.0007497409319354396, 0.0007503959545368755]}}, "nUser(10)timeslot(0.0015)userLambda(100)": {"userThroughputTotalStat": {"0.1": [3793.149165635971, 3815.8851501535114], "0.05": [3790.488461322875, 3818.545854466607], "0.01": [3784.3634048724643, 3824.670910917018]}, "userThroughputStat": {"0.1": [3793.1691296840218, 3815.9052338652527], "0.05": [3790.5084113671473, 3818.565952182127], "0.01": [3784.383322679432, 3824.6910408698427]}, "packetDelayStat": {"0.1": [0.0007490783499122968, 0.0007514059713620689], "0.05": [0.0007488059573785191, 0.0007516783638958466], "0.01": [0.0007481788979800556, 0.0007523054232943101]}}, "nUser(200)timeslot(0.0015)userLambda(2000)": {"userThroughputTotalStat": {"0.1": [75998.74762916533, 76013.15766557146], "0.05": [75997.06127835049, 76014.8440163863], "0.01": [75993.17922581075, 76018.72606892604]}, "userThroughputStat": {"0.1": [75999.14762467919, 76013.55773692804], "0.05": [75997.46126498874, 76015.24409661848], "0.01": [75993.57919201703, 76019.12616959019]}, "packetDelayStat": {"0.1": [0.000749951512865591, 0.0007500374748224589], "0.05": [0.0007499414530703258, 0.0007500475346177241], "0.01": [0.0007499182949863644, 0.0007500706927016855]}}, "nUser(200)timeslot(0.0005)userLambda(2000)": {"userThroughputTotalStat": {"0.1": [75999.54890658552, 76013.96266183554], "0.05": [75997.86212056875, 76015.64944785231], "0.01": [75993.97906617537, 76019.5325022457]}, "userThroughputStat": {"0.1": [75999.14891106491, 76013.56259045347], "0.05": [75997.46213392592, 76015.24936759246], "0.01": [75993.57909996956, 76019.13240154882]}, "packetDelayStat": {"0.1": [0.0002499977462326536, 0.0002500141830938211], "0.05": [0.00024999582269037777, 0.0002500161066360969], "0.01": [0.00024999139461283224, 0.00025002053471364245]}}, "nUser(200)timeslot(0.0015)userLambda(100)": {"userThroughputTotalStat": {"0.1": [3798.2045138863914, 3801.3073703241353], "0.05": [3797.841398600997, 3801.67048560953], "0.01": [3797.005491502976, 3802.5063927075507]}, "userThroughputStat": {"0.1": [3798.2245045416776, 3801.3273773103338], "0.05": [3797.861387345139, 3801.6904945068723], "0.01": [3797.0254758475835, 3802.526406004428]}, "packetDelayStat": {"0.1": [0.0007497300779790605, 0.0007502475820824562], "0.05": [0.0007496695164758238, 0.0007503081435856929], "0.01": [0.0007495301012750361, 0.0007504475587864806]}}}