{
    "nUser(100)userLambda(150)": {
        "blockPerFrameStat": {
            "0.1": [
                25.0,
                25.0
            ],
            "0.05": [
                25.0,
                25.0
            ],
            "0.01": [
                25.0,
                25.0
            ]
        }
    },
    "nUser(100)userLambda(275)": {
        "blockPerFrameStat": {
            "0.1": [
                25.0,
                25.0
            ],
            "0.05": [
                25.0,
                25.0
            ],
            "0.01": [
                25.0,
                25.0
            ]
        }
    },
    "nUser(150)userLambda(350)": {
        "blockPerFrameStat": {
            "0.1": [
                25.0,
                25.0
            ],
            "0.05": [
                25.0,
                25.0
            ],
            "0.01": [
                25.0,
                25.0
            ]
        }
    },
    "nUser(150)userLambda(50)": {
        "blockPerFrameStat": {
            "0.1": [
                19.99617580267426,
                20.03018071491774
            ],
            "0.05": [
                19.992196339343657,
                20.034160178248342
            ],
            "0.01": [
                19.98303544257572,
                20.04332107501628
            ]
        }
    },
    "nUser(150)userLambda(75)": {
        "blockPerFrameStat": {
            "0.1": [
                24.997293737687436,
                24.999444774027765
            ],
            "0.05": [
                24.99704201022589,
                24.99969650148931
            ],
            "0.01": [
                24.996462522717827,
                25.000275988997373
            ]
        }
    },
    "nUser(200)userLambda(75)": {
        "blockPerFrameStat": {
            "0.1": [
                25.0,
                25.0
            ],
            "0.05": [
                25.0,
                25.0
            ],
            "0.01": [
                25.0,
                25.0
            ]
        }
    },
    "nUser(200)userLambda(150)": {
        "blockPerFrameStat": {
            "0.1": [
                25.0,
                25.0
            ],
            "0.05": [
                25.0,
                25.0
            ],
            "0.01": [
                25.0,
                25.0
            ]
        }
    },
    "nUser(200)userLambda(50)": {
        "blockPerFrameStat": {
            "0.1": [
                24.16676011129565,
                24.19547431586695
            ],
            "0.05": [
                24.163399799016627,
                24.19883462814597
            ],
            "0.01": [
                24.155664214758456,
                24.20657021240414
            ]
        }
    },
    "nUser(200)userLambda(275)": {
        "blockPerFrameStat": {
            "0.1": [
                25.0,
                25.0
            ],
            "0.05": [
                25.0,
                25.0
            ],
            "0.01": [
                25.0,
                25.0
            ]
        }
    },
    "nUser(200)userLambda(350)": {
        "blockPerFrameStat": {
            "0.1": [
                25.0,
                25.0
            ],
            "0.05": [
                25.0,
                25.0
            ],
            "0.01": [
                25.0,
                25.0
            ]
        }
    },
    "nUser(200)userLambda(90)": {
        "blockPerFrameStat": {
            "0.1": [
                25.0,
                25.0
            ],
            "0.05": [
                25.0,
                25.0
            ],
            "0.01": [
                25.0,
                25.0
            ]
        }
    },
    "nUser(150)userLambda(90)": {
        "blockPerFrameStat": {
            "0.1": [
                25.0,
                25.0
            ],
            "0.05": [
                25.0,
                25.0
            ],
            "0.01": [
                25.0,
                25.0
            ]
        }
    },
    "nUser(100)userLambda(350)": {
        "blockPerFrameStat": {
            "0.1": [
                25.0,
                25.0
            ],
            "0.05": [
                25.0,
                25.0
            ],
            "0.01": [
                25.0,
                25.0
            ]
        }
    },
    "nUser(100)userLambda(50)": {
        "blockPerFrameStat": {
            "0.1": [
                14.584005582772885,
                14.619151291736511
            ],
            "0.05": [
                14.57989261641534,
                14.623264258094057
            ],
            "0.01": [
                14.570424389903053,
                14.632732484606343
            ]
        }
    },
    "nUser(25)userLambda(90)": {
        "blockPerFrameStat": {
            "0.1": [
                7.237931544237935,
                7.280906627482486
            ],
            "0.05": [
                7.232902336496514,
                7.285935835223907
            ],
            "0.01": [
                7.221324882675198,
                7.297513289045224
            ]
        }
    },
    "nUser(50)userLambda(150)": {
        "blockPerFrameStat": {
            "0.1": [
                19.613300298543265,
                19.64935412215773
            ],
            "0.05": [
                19.609081059041205,
                19.65357336165979
            ],
            "0.01": [
                19.599368187152088,
                19.66328623354891
            ]
        }
    },
    "nUser(25)userLambda(75)": {
        "blockPerFrameStat": {
            "0.1": [
                6.121023946698313,
                6.157310232775848
            ],
            "0.05": [
                6.11677750301349,
                6.161556676460671
            ],
            "0.01": [
                6.107002005918601,
                6.17133217355556
            ]
        }
    },
    "nUser(50)userLambda(275)": {
        "blockPerFrameStat": {
            "0.1": [
                24.999983211719798,
                24.999995250149805
            ],
            "0.05": [
                24.999981802908906,
                24.999996658960697
            ],
            "0.01": [
                24.999978559765275,
                24.999999902104328
            ]
        }
    },
    "nUser(50)userLambda(350)": {
        "blockPerFrameStat": {
            "0.1": [
                25.0,
                25.0
            ],
            "0.05": [
                25.0,
                25.0
            ],
            "0.01": [
                25.0,
                25.0
            ]
        }
    },
    "nUser(100)userLambda(90)": {
        "blockPerFrameStat": {
            "0.1": [
                22.472169650239355,
                22.497883118179242
            ],
            "0.05": [
                22.469160502559845,
                22.500892265858752
            ],
            "0.01": [
                22.462233314403726,
                22.50781945401487
            ]
        }
    },
    "nUser(150)userLambda(150)": {
        "blockPerFrameStat": {
            "0.1": [
                25.0,
                25.0
            ],
            "0.05": [
                25.0,
                25.0
            ],
            "0.01": [
                25.0,
                25.0
            ]
        }
    },
    "nUser(100)userLambda(75)": {
        "blockPerFrameStat": {
            "0.1": [
                19.89265691691149,
                19.925573571850116
            ],
            "0.05": [
                19.888804808123314,
                19.929425680638293
            ],
            "0.01": [
                19.879937087022334,
                19.938293401739273
            ]
        }
    },