{"": {"userThroughputTotalStat": {"0.1": [22264.77745279679, 36068.04044361089], "0.05": [20904.26355038231, 37428.55434602536], "0.01": [18182.52341023193, 40150.29448617574]}, "userThroughputStat": {"0.1": [22264.76182803329, 36068.025949203664], "0.05": [20904.247814205635, 37428.53996303132], "0.01": [18182.50745117056, 40150.28032606639]}, "packetDelayStat": {"0.1": [2.076379106338085, 7.244670561446886], "0.05": [1.5669682242093552, 7.754081443575616], "0.01": [0.5478797435561145, 8.773169924228856]}}}