{"nUser(200)userLambda(50)": {"userThroughputTotalStat": {"values": [1893.9196923076918], "sumValues": 1893.9196923076918, "repetitions": 1, "mean": 1893.9196923076918}, "userThroughputStat": {"values": [1893.8905555299173], "sumValues": 1893.8905555299173, "repetitions": 1, "mean": 1893.8905555299173}, "packetDelayStat": {"values": [0.0024788143279571326], "sumValues": 0.0024788143279571326, "repetitions": 1, "mean": 0.0024788143279571326}}}