{"General-320": {"numberOfFrames": 0, "timeslot": 0.00075, "simulationTime": 100.0, "antenna": {"packetQueueStat": {"statistics": {"count": 133333, "mean": 8.3892584731462, "variance": 10.271114140041, "min": 0.0, "max": 98.0}}}}}