{"nUser(10)timeslot(0.0005)userLambda(100)": {"userThroughputTotalStat": {"values": [3794.18000000001, 3809.12210526316, 3804.3168421052605, 3827.03789473684, 3783.4484210526293, 3813.8052631578894, 3783.0463157894796, 3814.9357894736895, 3778.6484210526496, 3836.98631578947], "sumValues": 38045.527368421084, "repetitions": 10, "mean": 3804.5527368421085}, "userThroughputStat": {"values": [3794.16003073668, 3809.10205735759, 3804.2968194904197, 3827.01775253816, 3783.4285082710107, 3813.7851906042606, 3783.02640512419, 3814.91571096994, 3778.6285335340303, 3836.9661212309497], "sumValues": 38045.327129857236, "repetitions": 10, "mean": 3804.5327129857237}, "packetDelayStat": {"values": [0.000250337732804129, 0.00025018206272253897, 0.00025110839789199, 0.000250696089721275, 0.00025012258042514293, 0.000249776912867277, 0.000249447668506078, 0.00025031379413328203, 0.00024968361293551295, 0.000250572458135849], "sumValues": 0.002502241310143075, "repetitions": 10, "mean": 0.0002502241310143075}}, "nUser(10)timeslot(0.0005)userLambda(2000)": {"userThroughputTotalStat": {"values": [76041.5621052631, 76141.912631579, 76026.49473684201, 76019.85473684201, 75982.72631578949, 76023.4136842106, 75914.9947368421, 75992.28, 76038.63894736838, 76023.28315789471], "sumValues": 760205.1610526314, "repetitions": 10, "mean": 76020.51610526314}, "userThroughputStat": {"values": [76041.1618886217, 76141.5118867795, 76026.0945995019, 76019.45463444931, 75982.3264088084, 76023.0135630866, 75914.5951863412, 75991.88004273661, 76038.23874611182, 76022.88303745771], "sumValues": 760201.1599938949, "repetitions": 10, "mean": 76020.11599938948}, "packetDelayStat": {"values": [0.00025008555279595, 0.00024981886732766597, 0.000249984676338964, 0.000250047630965313, 0.000250253640559654, 0.00025004442340251503, 0.000250240053009582, 0.000250127649947777, 0.00024988778449861496, 0.00025003101914947796], "sumValues": 0.002500521297995514, "repetitions": 10, "mean": 0.0002500521297995514}}, "nUser(10)timeslot(0.0015)userLambda(100)": {"userThroughputTotalStat": {"values": [3813.8052631578894, 3783.4063157894698, 3778.6484210526496, 3794.0789473684295, 3809.06210526316, 3814.91789473685, 3782.9800000000096, 3827.03789473684, 3836.94, 3804.2947368421105], "sumValues": 38045.171578947404, "repetitions": 10, "mean": 3804.51715789474}, "userThroughputStat": {"values": [3813.82533592284, 3783.4262285591103, 3778.6683087805895, 3794.0989163100808, 3809.0821530639296, 3814.9379733577603, 3782.99991052587, 3827.0580371475494, 3836.9601945272902, 3804.314759551359], "sumValues": 38045.371817746374, "repetitions": 10, "mean": 3804.5371817746372}, "packetDelayStat": {"values": [0.0007479655798487769, 0.00074696190895414, 0.00074904426213005, 0.0007522530984451169, 0.000752703469950917, 0.000752434363134227, 0.0007486133508997018, 0.000750433763409414, 0.000750746152505131, 0.000751265657094353], "sumValues": 0.007502421606371828, "repetitions": 10, "mean": 0.0007502421606371828}}, "nUser(10)timeslot(0.0015)userLambda(2000)": {"userThroughputTotalStat": {"values": [76040.8557894737, 76019.3042105263, 76025.58736842101, 75981.70526315781, 75991.6063157896, 76037.7778947369, 76022.6663157895, 76140.54000000001, 75914.47263157889, 76022.4684210525], "sumValues": 760196.9842105263, "repetitions": 10, "mean": 76019.69842105263}, "userThroughputStat": {"values": [76041.2560066102, 76019.7043142337, 76025.9875051975, 75982.10516897449, 75992.0062737173, 76038.1780956743, 76023.0664371921, 76140.9407417934, 75914.8721835375, 76022.86854141309], "sumValues": 760200.9852683435, "repetitions": 10, "mean": 76020.09852683435}, "packetDelayStat": {"values": [0.000750537387987395, 0.000750577651316869, 0.000749968985304181, 0.0007506031618835989, 0.00075025674094994, 0.0007499126106891451, 0.000750390451936153, 0.000750136146465144, 0.000750934989506235, 0.0007503201274251089], "sumValues": 0.00750363825346377, "repetitions": 10, "mean": 0.000750363825346377}}, "nUser(200)timeslot(0.0005)userLambda(100)": {"userThroughputTotalStat": {"values": [3798.099526315791, 3804.042157894735, 3797.5708947368425, 3798.252157894734, 3800.7792105263156, 3798.4004210526314, 3802.936578947369], "sumValues": 26600.08094736842, "repetitions": 7, "mean": 3800.0115639097744}, "userThroughputStat": {"values": [3798.079536423494, 3804.022136725599, 3797.5509076268017, 3798.2321671991167, 3800.7592065304966, 3798.3804295766836, 3802.9165635970407], "sumValues": 26599.94094767923, "repetitions": 7, "mean": 3799.991563954176}, "packetDelayStat": {"values": [0.00025003412501093525, 0.0002500789825949382, 0.00024991455831524864, 0.000249906616086507, 0.0002497520231082253, 0.00024996784205355517, 0.0002498561778976442], "sumValues": 0.0017495103250670537, "repetitions": 7, "mean": 0.0002499300464381505}}, "nUser(200)timeslot(0.0015)userLambda(100)": {"userThroughputTotalStat": {"values": [3793.7000526315824, 3799.877999999999, 3796.9873157894745, 3793.117473684213, 3794.345684210529, 3794.197578947367, 3793.7789999999986, 3797.2671052631595], "sumValues": 30363.272210526324, "repetitions": 8, "mean": 3795.4090263157905}, "userThroughputStat": {"values": [3793.7200195790515, 3799.897999463165, 3797.0073000384186, 3793.1374375654595, 3794.365654556077, 3794.2175485134144, 3793.798967362986, 3797.2870909846924], "sumValues": 30363.432018063264, "repetitions": 8, "mean": 3795.429002257908}, "packetDelayStat": {"values": [0.08409980205726585, 0.08591662897954108, 0.08694788015967832, 0.09410168689747911, 0.07712424645918113, 0.08009190516478236, 0.09177463823163994, 0.10023679213389189], "sumValues": 0.7002935800834597, "repetitions": 8, "mean": 0.08753669751043246}}, "nUser(200)timeslot(0.0005)userLambda(2000)": {"userThroughputTotalStat": {"values": [23004.02984210526, 23003.4632631579, 23003.372736842128, 23003.76999999999, 23003.277210526336, 23003.002368421072, 23002.526315789488, 23004.12463157892], "sumValues": 184027.56636842107, "repetitions": 8, "mean": 23003.445796052634}, "userThroughputStat": {"values": [23003.90876890125, 23003.34219293586, 23003.25166709648, 23003.64892816353, 23003.156141283485, 23002.881300624766, 23002.405250498647, 23004.003557875996], "sumValues": 184026.59780738, "repetitions": 8, "mean": 23003.3247259225}, "packetDelayStat": {"values": [36.61653224309751, 36.60298573739987, 36.617462307240736, 36.6106903956644, 36.605857051305634, 36.61750634605333, 36.6066633908043, 36.61331515078427], "sumValues": 292.8910126223501, "repetitions": 8, "mean": 36.61137657779376}}}