{"nUser(10)timeslot(0.0015)userLambda(100.0)": {"userThroughputTotalStat": {"values": [3836.94, 3794.0789473684295], "sumValues": 7631.0189473684295, "repetition": 2, "mean": 3815.5094736842148}, "userThroughputStat": {"values": [3836.9601945272902, 3794.0989163100808], "sumValues": 7631.059110837371, "repetition": 2, "mean": 3815.5295554186855}, "packetDelayStat": {"values": [0.000750746152505131, 0.0007522530984451169], "sumValues": 0.0015029992509502479, "repetition": 2, "mean": 0.0007514996254751239}}}