{"": {"userThroughputTotalStat": {"values": [3794.18000000001, 3809.12210526316, 3804.3168421052605, 3827.03789473684, 3783.4484210526293, 3813.8052631578894, 3783.0463157894796, 76041.5621052631, 76141.912631579, 3814.9357894736895, 76026.49473684201, 76019.85473684201, 75982.72631578949, 76023.4136842106, 3778.6484210526496, 3836.98631578947, 3813.8052631578894, 3783.4063157894698, 76040.8557894737, 76019.3042105263, 76025.58736842101, 75914.9947368421, 3778.6484210526496, 75981.70526315781, 75991.6063157896, 3794.0789473684295, 76037.7778947369, 75992.28, 76022.6663157895, 76038.63894736838, 76140.54000000001, 76023.28315789471, 3809.06210526316, 3814.91789473685, 3782.9800000000096, 3827.03789473684, 3836.94, 3804.2947368421105, 3798.099526315791, 3804.042157894735, 3797.5708947368425, 3793.7000526315824, 3799.877999999999, 23004.02984210526, 3796.9873157894745, 3793.117473684213, 75914.47263157889, 3794.345684210529, 23003.4632631579, 23003.372736842128, 3794.197578947367, 3798.252157894734, 23003.76999999999, 23003.277210526336, 3793.7789999999986, 3797.2671052631595, 23003.002368421072, 23002.526315789488, 3800.7792105263156, 76022.4684210525, 3798.4004210526314, 3802.936578947369, 23004.12463157892], "sumValues": 1837483.7637368417, "repetitions": 63, "mean": 29166.408948203836}, "userThroughputStat": {"values": [3794.16003073668, 3809.10205735759, 3804.2968194904197, 3827.01775253816, 3783.4285082710107, 3813.7851906042606, 3783.02640512419, 76041.1618886217, 76141.5118867795, 3814.91571096994, 76026.0945995019, 76019.45463444931, 75982.3264088084, 76023.0135630866, 3778.6285335340303, 3836.9661212309497, 3813.82533592284, 3783.4262285591103, 76041.2560066102, 76019.7043142337, 76025.9875051975, 75914.5951863412, 3778.6683087805895, 75982.10516897449, 75992.0062737173, 3794.0989163100808, 76038.1780956743, 75991.88004273661, 76023.0664371921, 76038.23874611182, 76140.9407417934, 76022.88303745771, 3809.0821530639296, 3814.9379733577603, 3782.99991052587, 3827.0580371475494, 3836.9601945272902, 3804.314759551359, 3798.079536423494, 3804.022136725599, 3797.5509076268017, 3793.7200195790515, 3799.897999463165, 23003.90876890125, 3797.0073000384186, 3793.1374375654595, 75914.8721835375, 3794.365654556077, 23003.34219293586, 23003.25166709648, 3794.2175485134144, 3798.2321671991167, 23003.64892816353, 23003.156141283485, 3793.798967362986, 3797.2870909846924, 23002.881300624766, 23002.405250498647, 3800.7592065304966, 76022.86854141309, 3798.3804295766836, 3802.9165635970407, 23004.003557875996], "sumValues": 1837482.814982964, "repetitions": 63, "mean": 29166.393888618477}, "packetDelayStat": {"values": [0.000250337732804129, 0.00025018206272253897, 0.00025110839789199, 0.000250696089721275, 0.00025012258042514293, 0.000249776912867277, 0.000249447668506078, 0.00025008555279595, 0.00024981886732766597, 0.00025031379413328203, 0.000249984676338964, 0.000250047630965313, 0.000250253640559654, 0.00025004442340251503, 0.00024968361293551295, 0.000250572458135849, 0.0007479655798487769, 0.00074696190895414, 0.000750537387987395, 0.000750577651316869, 0.000749968985304181, 0.000250240053009582, 0.00074904426213005, 0.0007506031618835989, 0.00075025674094994, 0.0007522530984451169, 0.0007499126106891451, 0.000250127649947777, 0.000750390451936153, 0.00024988778449861496, 0.000750136146465144, 0.00025003101914947796, 0.000752703469950917, 0.000752434363134227, 0.0007486133508997018, 0.000750433763409414, 0.000750746152505131, 0.000751265657094353, 0.00025003412501093525, 0.0002500789825949382, 0.00024991455831524864, 0.08409980205726585, 0.08591662897954108, 36.61653224309751, 0.08694788015967832, 0.09410168689747911, 0.000750934989506235, 0.07712424645918113, 36.60298573739987, 36.617462307240736, 0.08009190516478236, 0.000249906616086507, 36.6106903956644, 36.605857051305634, 0.09177463823163994, 0.10023679213389189, 36.61750634605333, 36.6066633908043, 0.0002497520231082253, 0.0007503201274251089, 0.00024996784205355517, 0.0002498561778976442, 36.61331515078427], "sumValues": 293.61306453522656, "repetitions": 63, "mean": 4.660524833892485}}}