{"General-0": {"numberOfFrames": 0, "timeslot": 1.0, "simulationTime": 100.0, "user[0]": {"userThroughputStat": {"statistics": {"count": 100, "mean": 37.06, "variance": 39.391538854598, "min": 0.0, "max": 148.0}}, "packetBytesStat": {"statistics": {"count": 99, "mean": 37.434343434343, "variance": 20.837643338959, "min": 1.0, "max": 75.0}}, "packetDelayStat": {"statistics": {"count": 99, "mean": 0.4564524267551, "variance": 0.26404230328167, "min": 0.000115481709, "max": 0.985728214613}}}, "user[1]": {"userThroughputStat": {"statistics": {"count": 100, "mean": 39.83, "variance": 45.187388738564, "min": 0.0, "max": 151.0}}, "packetBytesStat": {"statistics": {"count": 95, "mean": 41.926315789474, "variance": 21.790219407204, "min": 1.0, "max": 74.0}}, "packetDelayStat": {"statistics": {"count": 95, "mean": 0.47981811022886, "variance": 0.31418942814584, "min": 0.005034139455, "max": 0.993050841436}}}, "user[2]": {"userThroughputStat": {"statistics": {"count": 100, "mean": 35.9, "variance": 40.99778264514, "min": 0.0, "max": 214.0}}, "packetBytesStat": {"statistics": {"count": 109, "mean": 32.935779816514, "variance": 21.416623531888, "min": 1.0, "max": 74.0}}, "packetDelayStat": {"statistics": {"count": 109, "mean": 0.46508469634424, "variance": 0.28882018831543, "min": 0.005262213771, "max": 0.99971191049}}}}, "General-1": {"numberOfFrames": 0, "timeslot": 1.0, "simulationTime": 100.0, "user[0]": {"userThroughputStat": {"statistics": {"count": 100, "mean": 33.04, "variance": 34.599562092167, "min": 0.0, "max": 124.0}}, "packetBytesStat": {"statistics": {"count": 92, "mean": 35.913043478261, "variance": 19.470265960421, "min": 3.0, "max": 75.0}}, "packetDelayStat": {"statistics": {"count": 92, "mean": 0.44737908877652, "variance": 0.27961647174883, "min": 0.000827626882, "max": 0.996975251011}}}, "user[1]": {"userThroughputStat": {"statistics": {"count": 100, "mean": 37.91, "variance": 44.030543806303, "min": 0.0, "max": 205.0}}, "packetBytesStat": {"statistics": {"count": 108, "mean": 35.101851851852, "variance": 21.933604063008, "min": 1.0, "max": 73.0}}, "packetDelayStat": {"statistics": {"count": 108, "mean": 0.49303062715993, "variance": 0.26997956377478, "min": 0.010719451578, "max": 0.967922753785}}}, "user[2]": {"userThroughputStat": {"statistics": {"count": 100, "mean": 35.29, "variance": 41.617375693284, "min": 0.0, "max": 177.0}}, "packetBytesStat": {"statistics": {"count": 103, "mean": 34.26213592233, "variance": 20.366235593645, "min": 2.0, "max": 73.0}}, "packetDelayStat": {"statistics": {"count": 103, "mean": 0.52223588754381, "variance": 0.28195898305713, "min": 0.007954585826, "max": 0.999311231756}}}}}