{
    "nUser(10)timeslot(0.0005)userLambda(500)": {
        "userThroughputTotalStat": {
            "values": [
                19029.1084210527,
                19053.927368421002,
                19031.034736842,
                18997.1863157894,
                18941.0842105264,
                19007.557894736703,
                19081.6052631579,
                19025.3926315789,
                18997.1747368422,
                18991.181052631404
            ],
            "sumValues": 190155.2526315786,
            "repetitions": 10,
            "mean": 19015.52526315786
        },
        "userThroughputStat": {
            "values": [
                19029.0082683776,
                19053.8270851208,
                19030.9345740287,
                18997.086331124803,
                18940.984521134204,
                19007.457855484994,
                19081.504834184998,
                19025.2924984606,
                18997.0747522382,
                18991.081099573104
            ],
            "sumValues": 190154.25181972803,
            "repetitions": 10,
            "mean": 19015.4251819728
        },
        "packetDelayStat": {
            "values": [
                0.000275137520024348,
                0.000274467286974239,
                0.000274697616464887,
                0.0002754924224963,
                0.000275226253133477,
                0.00027501679652149,
                0.000275259968282023,
                0.000276042607203821,
                0.00027457849267743795,
                0.000275336105370787
            ],
            "sumValues": 0.00275125506914881,
            "repetitions": 10,
            "mean": 0.00027512550691488104
        }
    },
    "nUser(10)timeslot(0.0005)userLambda(50)": {
        "userThroughputTotalStat": {
            "values": [
                1895.5957894736803,
                1922.8263157894703,
                1894.78631578948,
                1905.5947368421098,
                1898.6694736842103,
                1911.58631578948,
                1893.2199999999998,
                1899.89789473684,
                1889.01684210527,
                1921.7494736842098
            ],
            "sumValues": 19032.94315789475,
            "repetitions": 10,
            "mean": 1903.2943157894751
        },
        "userThroughputStat": {
            "values": [
                1895.58581270625,
                1922.8161957042303,
                1894.7763432824,
                1905.5847074489102,
                1898.65948073959,
                1911.5762548618102,
                1893.2100357366398,
                1899.88789532688,
                1889.0068999636999,
                1921.73935926654
            ],
            "sumValues": 19032.84298503695,
            "repetitions": 10,
            "mean": 1903.284298503695
        },
        "packetDelayStat": {
            "values": [
                0.000252651195196435,
                0.000252420974194655,
                0.0002516157896469891,
                0.00025062642364557104,
                0.00025220354560740994,
                0.000251860876613161,
                0.00025301046671491,
                0.000250545240553657,
                0.00025215940475323306,
                0.00025319665819846
            ],
            "sumValues": 0.0025202905751244807,
            "repetitions": 10,
            "mean": 0.00025202905751244806
        }
    },
    "nUser(10)timeslot(0.0015)userLambda(500)": {
        "userThroughputTotalStat": {
            "values": [
                18991.521052631502,
                19007.3768421052,
                19024.9684210526,
                18941.004210526302,
                18996.7736842108,
                19054.249473684198,
                19029.3157894736,
                18996.798947368497,
                19081.287368421,
                19031.0084210527
            ],
            "sumValues": 190154.3042105264,
            "repetitions": 10,
            "mean": 19015.43042105264
        },
        "userThroughputStat": {
            "values": [
                18991.6210085314,
                19007.476881457398,
                19025.0685529924,
                18941.103900546797,
                18996.8736677559,
                19054.349759735902,
                19029.4159442944,
                18996.898931047297,
                19081.387796778,
                19031.108584782203
            ],
            "sumValues": 190155.30502792168,
            "repetitions": 10,
            "mean": 19015.530502792168
        },
        "packetDelayStat": {
            "values": [
                0.0011278601897659383,
                0.001132622979153645,
                0.001134591875111818,
                0.001137419080791851,
                0.001133198579515431,
                0.001136002557646388,
                0.0011333965617393309,
                0.00113555138251991,
                0.0011357829150830192,
                0.001123791261593646
            ],
            "sumValues": 0.011330217382920976,
            "repetitions": 10,
            "mean": 0.0011330217382920977
        }
    },
    "nUser(10)timeslot(0.0015)userLambda(50)": {
        "userThroughputTotalStat": {
            "values": [
                1911.58631578948,
                1894.7631578947403,
                1893.1747368420997,
                1921.70736842105,
                1899.89789473684,
                1922.8263157894703,
                1889.01684210527,
                1905.5947368421098,
                1895.5957894736803,
                1898.6410526315801
            ],
            "sumValues": 19032.804210526323,
            "repetitions": 10,
            "mean": 1903.2804210526324
        },
        "userThroughputStat": {
            "values": [
                1911.59637682303,
                1894.77313038488,
                1893.18470097212,
                1921.71748272359,
                1899.90789425209,
                1922.83643598125,
                1889.0267843514898,
                1905.60476634087,
                1895.6057663461797,
                1898.6510455317998
            ],
            "sumValues": 19032.904383707297,
            "repetitions": 10,
            "mean": 1903.2904383707296
        },
        "packetDelayStat": {
            "values": [
                0.0007700233965821218,
                0.000769861014132842,
                0.000768345131506847,
                0.0007764255954421991,
                0.000769967859307894,
                0.000767549252366151,
                0.0007714239618584991,
                0.000768608413602441,
                0.000770351944850417,
                0.0007695431435910219
            ],
            "sumValues": 0.007702099713240434,
            "repetitions": 10,
            "mean": 0.0007702099713240434
        }
    },
    "nUser(100)timeslot(0.0005)userLambda(50)": {
        "userThroughputTotalStat": {
            "values": [
                1897.7118947368413,
                1898.70526315789,
                1902.0811578947375,
                1902.7044210526344,
                1901.188736842103,
                1900.8796842105305,
                1895.4611578947358,
                1901.1620000000028,
                1897.198421052639,
                1899.5479999999975
            ],
            "sumValues": 18996.640736842113,
            "repetitions": 10,
            "mean": 1899.6640736842114
        },
        "userThroughputStat": {
            "values": [
                1897.701906832065,
                1898.6952700248962,
                1902.071146993961,
                1902.6944068715418,
                1901.1787306382598,
                1900.869679633264,
                1895.4511818358812,
                1901.1519939368811,
                1897.1884358503385,
                1899.538002431566
            ],
            "sumValues": 18996.540755048656,