{"nUser(200)userLambda(50)": {"userThroughputTotalStat": {"values": [1580.8941538461506, 1582.1578461538468, 1584.8630000000005, 1583.3418461538445, 1582.606000000002, 1585.5012307692318, 1583.8256923076922, 1586.8854615384566, 1581.5781538461538, 1584.0237692307658], "sumValues": 15835.677153846145, "repetitions": 10, "mean": 1583.5677153846145}, "userThroughputStat": {"values": [1580.869832771803, 1582.133505638376, 1584.838617867419, 1583.3174874232673, 1582.5816525899618, 1585.4768388178659, 1583.801326133445, 1586.861048291567, 1581.5538222488892, 1583.9994000092308], "sumValues": 15835.433531791823, "repetitions": 10, "mean": 1583.5433531791823}, "packetDelayStat": {"values": [6.368803641755985, 6.306454879991797, 6.267675919550305, 6.297689971952861, 6.3079551650307675, 6.111970854702434, 6.227465116950402, 6.119167449644821, 6.338472904802102, 6.230040380637044], "sumValues": 62.575696285018516, "repetitions": 10, "mean": 6.257569628501852}}, "nUser(200)userLambda(350)": {"userThroughputTotalStat": {"values": [1592.1237692307652, 1586.0729230769243, 1585.957615384617, 1581.5337692307712, 1589.6620769230751, 1584.1249230769215, 1583.2238461538436, 1581.124846153848, 1582.8958461538446, 1584.3640769230788], "sumValues": 15851.08369230769, "repetitions": 10, "mean": 1585.1083692307689}, "userThroughputStat": {"values": [1592.0992753957603, 1586.0485223304245, 1585.9332164120558, 1581.5094383163334, 1589.637620959678, 1584.1005522991982, 1583.1994892386297, 1581.1005215304406, 1582.871494284706, 1584.3397024661183], "sumValues": 15850.839833233345, "repetitions": 10, "mean": 1585.0839833233345}, "packetDelayStat": {"values": [32.91506617429934, 33.04398068483165, 33.03651293686519, 33.0371876464785, 32.97081301272674, 33.00801976037681, 32.95558921294841, 33.05955887893639, 33.00654579432763, 33.01179094086918], "sumValues": 330.0450650426598, "repetitions": 10, "mean": 33.00450650426598}}, "nUser(25)userLambda(350)": {"userThroughputTotalStat": {"values": [13091.298461538363, 13200.0036923076, 13168.68676923088, 13212.541538461519, 13221.66030769232, 13192.759999999966, 13130.777230769243, 13190.41415384616, 13145.56000000008, 13170.174153846201], "sumValues": 131723.87630769232, "repetitions": 10, "mean": 13172.387630769232}, "userThroughputStat": {"values": [13091.09706004532, 13199.800618452002, 13168.484177166438, 13212.338271719002, 13221.45690066304, 13192.55703758392, 13130.575221919722, 13190.211227519561, 13145.357763726719, 13169.971538899359], "sumValues": 131721.84981769507, "repetitions": 10, "mean": 13172.184981769507}, "packetDelayStat": {"values": [0.7177851744002318, 0.37667946669546376, 0.47320248831243816, 0.4013839838839674, 0.3999927441351059, 0.29517774648599343, 0.563893978103716, 0.5315732260299479, 0.43502778048599067, 0.5426555587524343], "sumValues": 4.737372147285289, "repetitions": 10, "mean": 0.4737372147285289}}, "nUser(25)userLambda(50)": {"userThroughputTotalStat": {"values": [1920.2332307692323, 1893.9833846153797, 1894.3932307692282, 1904.9101538461482, 1892.5981538461524, 1915.7796923076921, 1901.9519999999998, 1904.7649230769198, 1903.1907692307682, 1892.8012307692322], "sumValues": 19024.60676923075, "repetitions": 10, "mean": 1902.4606769230752}, "userThroughputStat": {"values": [1920.2036891740117, 1893.9542468577438, 1894.36408670636, 1904.8808479869442, 1892.5690373994207, 1915.7502192273957, 1901.922739650156, 1904.7356194520162, 1903.1614898232353, 1892.772111198288], "sumValues": 19024.31408747557, "repetitions": 10, "mean": 1902.431408747557}, "packetDelayStat": {"values": [0.0005379039517370332, 0.0005365887402080588, 0.0005363190444511728, 0.0005386734074310061, 0.0005375456226968492, 0.0005416674195044971, 0.0005411642049559323, 0.0005392537112767978, 0.0005384048680063696, 0.000538037387780507], "sumValues": 0.005385558358048223, "repetitions": 10, "mean": 0.0005385558358048223}}}