{"General-0": {"numberOfFrames": 0, "timeslot": 0.0005, "simulationTime": 100.0, "user[0]": {"userThroughputStat": {"statistics": {"count": 200000, "mean": 76086.17, "variance": 87655.046926959, "min": 0.0, "max": 772000.0}}, "packetBytesStat": {"statistics": {"count": 200207, "mean": 38.003751117593, "variance": 21.664632098009, "min": 1.0, "max": 75.0}}, "packetDelayStat": {"statistics": {"count": 200207, "mean": 0.00025019785054863, "variance": 0.00014438381983872, "min": 4.124e-09, "max": 0.000499996788}}}, "user[1]": {"userThroughputStat": {"statistics": {"count": 200000, "mean": 76189.04, "variance": 87605.912801923, "min": 0.0, "max": 698000.0}}, "packetBytesStat": {"statistics": {"count": 200475, "mean": 38.004259882778, "variance": 21.651624713847, "min": 1.0, "max": 75.0}}, "packetDelayStat": {"statistics": {"count": 200475, "mean": 0.00024998064509586, "variance": 0.00014432818024577, "min": 1.386e-09, "max": 0.000499999375}}}, "user[2]": {"userThroughputStat": {"statistics": {"count": 200000, "mean": 76125.18, "variance": 87820.69079856, "min": 0.0, "max": 752000.0}}, "packetBytesStat": {"statistics": {"count": 200108, "mean": 38.042047294461, "variance": 21.652241745348, "min": 1.0, "max": 75.0}}, "packetDelayStat": {"statistics": {"count": 200108, "mean": 0.00025062936056126, "variance": 0.00014468272798672, "min": 2.43e-10, "max": 0.000499995268}}}, "user[3]": {"userThroughputStat": {"statistics": {"count": 200000, "mean": 75725.4, "variance": 87414.279617929, "min": 0.0, "max": 954000.0}}, "packetBytesStat": {"statistics": {"count": 199209, "mean": 38.013041579447, "variance": 21.63842896696, "min": 1.0, "max": 75.0}}, "packetDelayStat": {"statistics": {"count": 199209, "mean": 0.00024987618413266, "variance": 0.00014417353266101, "min": 7.482e-09, "max": 0.000499995024}}}, "user[4]": {"userThroughputStat": {"statistics": {"count": 200000, "mean": 76010.74, "variance": 87673.418764151, "min": 0.0, "max": 774000.0}}, "packetBytesStat": {"statistics": {"count": 200099, "mean": 37.986566649508, "variance": 21.653819856499, "min": 1.0, "max": 75.0}}, "packetDelayStat": {"statistics": {"count": 200099, "mean": 0.00025008244157783, "variance": 0.00014455197947373, "min": 1.24e-09, "max": 0.00049999678}}}, "user[5]": {"userThroughputStat": {"statistics": {"count": 200000, "mean": 75812.84, "variance": 87282.584187121, "min": 0.0, "max": 838000.0}}, "packetBytesStat": {"statistics": {"count": 199768, "mean": 37.950442513315, "variance": 21.669781192368, "min": 1.0, "max": 75.0}}, "packetDelayStat": {"statistics": {"count": 199768, "mean": 0.00025022544872549, "variance": 0.00014457451677313, "min": 4.873e-09, "max": 0.000499995594}}}, "user[6]": {"userThroughputStat": {"statistics": {"count": 200000, "mean": 76370.97, "variance": 87784.794424261, "min": 0.0, "max": 774000.0}}, "packetBytesStat": {"statistics": {"count": 201093, "mean": 37.977935582044, "variance": 21.699981806721, "min": 1.0, "max": 75.0}}, "packetDelayStat": {"statistics": {"count": 201093, "mean": 0.00024990064474946, "variance": 0.00014436346489911, "min": 3.325e-09, "max": 0.000499999062}}}, "user[7]": {"userThroughputStat": {"statistics": {"count": 200000, "mean": 75991.16, "variance": 87445.605695908, "min": 0.0, "max": 808000.0}}, "packetBytesStat": {"statistics": {"count": 199779, "mean": 38.037611560775, "variance": 21.666214217172, "min": 1.0, "max": 75.0}}, "packetDelayStat": {"statistics": {"count": 199779, "mean": 0.00024959455848761, "variance": 0.00014413084260036, "min": 1.395e-09, "max": 0.000499999286}}}, "user[8]": {"userThroughputStat": {"statistics": {"count": 200000, "mean": 76118.22, "variance": 87756.597302616, "min": 0.0, "max": 804000.0}}, "packetBytesStat": {"statistics": {"count": 200755, "mean": 37.915977186122, "variance": 21.685896684764, "min": 1.0, "max": 75.0}}, "packetDelayStat": {"statistics": {"count": 200755, "mean": 0.00025044922270842, "variance": 0.00014426409148629, "min": 1.744e-09, "max": 0.000499998189}}}, "user[9]": {"userThroughputStat": {"statistics": {"count": 200000, "mean": 75936.63, "variance": 87391.486488117, "min": 0.0, "max": 738000.0}}, "packetBytesStat": {"statistics": {"count": 200203, "mean": 37.92981623652, "variance": 21.673427726034, "min": 1.0, "max": 75.0}}, "packetDelayStat": {"statistics": {"count": 200203, "mean": 0.00025007152974298, "variance": 0.00014442368411675, "min": 1.361e-09, "max": 0.000499998912}}}}}