{"nUser(10)timeslot(0.0005)userLambda(100)": {"userThroughputTotalStat": {"values": [3836.98631578947, 3778.6484210526496, 3809.12210526316, 3794.18000000001, 3827.03789473684, 3783.0463157894796, 3783.4484210526293, 3813.8052631578894, 3814.9357894736895, 3804.3168421052605], "sumValues": 38045.52736842108, "repetitions": 10, "mean": 3804.5527368421076}, "userThroughputStat": {"values": [3836.9661212309497, 3778.6285335340303, 3809.10205735759, 3794.16003073668, 3827.01775253816, 3783.02640512419, 3783.4285082710107, 3813.7851906042606, 3814.91571096994, 3804.2968194904197], "sumValues": 38045.32712985723, "repetitions": 10, "mean": 3804.532712985723}, "packetDelayStat": {"values": [0.000250572458135849, 0.00024968361293551295, 0.00025018206272253897, 0.000250337732804129, 0.000250696089721275, 0.000249447668506078, 0.00025012258042514293, 0.000249776912867277, 0.00025031379413328203, 0.00025110839789199], "sumValues": 0.002502241310143075, "repetitions": 10, "mean": 0.0002502241310143075}}, "nUser(10)timeslot(0.0005)userLambda(2000)": {"userThroughputTotalStat": {"values": [76019.85473684201, 76026.49473684201, 76041.5621052631, 76023.4136842106, 76141.912631579, 75992.28, 76038.63894736838, 75982.72631578949, 76023.28315789471, 75914.9947368421], "sumValues": 760205.1610526314, "repetitions": 10, "mean": 76020.51610526314}, "userThroughputStat": {"values": [76019.45463444931, 76026.0945995019, 76041.1618886217, 76023.0135630866, 76141.5118867795, 75991.88004273661, 76038.23874611182, 75982.3264088084, 76022.88303745771, 75914.5951863412], "sumValues": 760201.1599938947, "repetitions": 10, "mean": 76020.11599938947}, "packetDelayStat": {"values": [0.000250047630965313, 0.000249984676338964, 0.00025008555279595, 0.00025004442340251503, 0.00024981886732766597, 0.000250127649947777, 0.00024988778449861496, 0.000250253640559654, 0.00025003101914947796, 0.000250240053009582], "sumValues": 0.002500521297995514, "repetitions": 10, "mean": 0.0002500521297995514}}, "nUser(200)timeslot(0.0005)userLambda(100)": {"userThroughputTotalStat": {"values": [3797.5708947368425, 3798.4004210526314, 3804.042157894735, 3802.936578947369, 3803.2061052631575, 3800.7792105263156, 3797.2331578947383, 3798.252157894734, 3797.4498947368425, 3798.099526315791], "sumValues": 37997.97010526315, "repetitions": 10, "mean": 3799.797010526315}, "userThroughputStat": {"values": [3797.5509076268017, 3798.3804295766836, 3804.022136725599, 3802.9165635970407, 3803.186088494272, 3800.7592065304966, 3797.2131725622494, 3798.2321671991167, 3797.429908263643, 3798.079536423494], "sumValues": 37997.770116999396, "repetitions": 10, "mean": 3799.7770116999395}, "packetDelayStat": {"values": [0.0002499142969729948, 0.00024996653478742296, 0.0002500789825949382, 0.00024985514186275413, 0.0002499715022522718, 0.0002497520231082253, 0.00024992577487419467, 0.000249906616086507, 0.00025014367354991873, 0.00025003256325404363], "sumValues": 0.0024995471093432714, "repetitions": 10, "mean": 0.00024995471093432713}}, "nUser(10)timeslot(0.0015)userLambda(2000)": {"userThroughputTotalStat": {"values": [75981.70526315781, 76022.6663157895, 76140.54000000001, 76019.3042105263, 76025.58736842101, 75991.6063157896, 76040.8557894737, 76037.7778947369, 76022.4684210525, 75914.47263157889], "sumValues": 760196.9842105262, "repetitions": 10, "mean": 76019.69842105263}, "userThroughputStat": {"values": [75982.10516897449, 76023.0664371921, 76140.9407417934, 76019.7043142337, 76025.9875051975, 75992.0062737172, 76041.2560066101, 76038.1780956743, 76022.86854141309, 75914.8721835375], "sumValues": 760200.9852683432, "repetitions": 10, "mean": 76020.09852683432}, "packetDelayStat": {"values": [0.0007503095457460229, 0.0007501839109043979, 0.0007498560611806411, 0.0007502382774396671, 0.000749653369960772, 0.0007499538596336051, 0.0007502661337174301, 0.000749572883908913, 0.00075003647074397, 0.0007506139191261571], "sumValues": 0.007500684432361575, "repetitions": 10, "mean": 0.0007500684432361575}}, "nUser(10)timeslot(0.0015)userLambda(100)": {"userThroughputTotalStat": {"values": [3804.2947368421105, 3794.0789473684295, 3782.9800000000096, 3809.06210526316, 3813.8052631578894, 3827.03789473684, 3783.4063157894698, 3814.91789473685, 3778.6484210526496, 3836.94], "sumValues": 38045.17157894741, "repetitions": 10, "mean": 3804.517157894741}, "userThroughputStat": {"values": [3804.314759551359, 3794.0989163100808, 3782.99991052587, 3809.0821530639296, 3813.82533592284, 3827.0580371475494, 3783.4262285591103, 3814.9379733577603, 3778.6683087805895, 3836.9601945272902], "sumValues": 38045.371817746374, "repetitions": 10, "mean": 3804.5371817746372}, "packetDelayStat": {"values": [0.000751265657094353, 0.0007522530984451169, 0.0007486133508997018, 0.000752703469950917, 0.0007479655798487769, 0.000750433763409414, 0.00074696190895414, 0.000752434363134227, 0.00074904426213005, 0.000750746152505131], "sumValues": 0.007502421606371828, "repetitions": 10, "mean": 0.0007502421606371828}}, "nUser(200)timeslot(0.0015)userLambda(2000)": {"userThroughputTotalStat": {"values": [75995.90563157889, 76011.41389473679, 75987.30310526316, 76002.64789473686, 76028.30631578942, 75994.46826315789, 76010.8926842105, 76006.34457894736, 76020.90231578941, 76001.34178947369], "sumValues": 760059.5264736839, "repetitions": 10, "mean": 76005.9526473684}, "userThroughputStat": {"values": [75996.30561213482, 76011.81395691566, 75987.70304054227, 76003.04791077856, 76028.7064668762, 75994.86823614864, 76011.29274364606, 76006.74461444533, 76021.30242790752, 76001.74179864103], "sumValues": 760063.5268080361, "repetitions": 10, "mean": 76006.35268080361}, "packetDelayStat": {"values": [0.0007500550026953133, 0.000750059030578614, 0.000749939902112367, 0.0007501022732928435, 0.0007500509738634361, 0.0007498518455184944, 0.0007499736284728649, 0.000749972678626757, 0.0007499961296000058, 0.000749943473679554], "sumValues": 0.00749994493844025, "repetitions": 10, "mean": 0.000749994493844025}}, "nUser(200)timeslot(0.0005)userLambda(2000)": {"userThroughputTotalStat": {"values": [76029.1061052632, 75996.76173684212, 76002.17757894736, 76003.44010526313, 76021.70784210524, 76012.16042105263, 75995.23794736841, 76007.19242105262, 76011.71347368424, 75988.06021052631], "sumValues": 760067.5578421053, "repetitions": 10, "mean": 76006.75578421053}, "userThroughputStat": {"values": [76028.70595417918, 75996.36175599077, 76001.7775695917, 76003.04008926274, 76021.30772995933, 76011.76035915597, 75994.83797453695, 76006.79238530323, 76011.31341413985, 75987.6602754722], "sumValues": 760063.5575075919, "repetitions": 10, "mean": 76006.35575075919}, "packetDelayStat": {"values": [0.00025000780548933637, 0.00025003396370140084, 0.0002500048503791553, 0.0002499867440987637, 0.0002500210429848736, 0.00025001328144340915, 0.0002499893817283331, 0.0002500021261756816, 0.0002499975319745187, 0.0002500029186569008], "sumValues": 0.0025000596466323733, "repetitions": 10, "mean": 0.00025000596466323734}}, "nUser(200)timeslot(0.0015)userLambda(100)": {"userThroughputTotalStat": {"values": [3798.060736842108, 3803.143684210526, 3797.2045789473714, 3802.9050526315787, 3798.351789473684, 3800.7327894736845, 3797.416052631579, 3797.5271578947377, 3798.2226315789435, 3803.99494736842], "sumValues": 37997.55942105263, "repetitions": 10, "mean": 3799.7559421052633}, "userThroughputStat": {"values": [3798.0807267406635, 3803.1637008615844, 3797.224564339812, 3802.925068026677, 3798.3717809041077, 3800.7527934357563, 3797.436039137043, 3797.547144984981, 3798.242622329588, 3804.014968499841], "sumValues": 37997.759409260056, "repetitions": 10, "mean": 3799.7759409260057}, "packetDelayStat": {"values": [0.0007505105350318873, 0.0007495524367615602, 0.0007500161284563206, 0.0007496202883741846, 0.0007497538226329085, 0.0007498762289187432, 0.000750257932390254, 0.0007493777880868171, 0.0007501199800615364, 0.0007508031595933719], "sumValues": 0.007499888300307584,