{"nUser(10)timeslot(0.0005)userLambda(100)": {"userThroughputTotalStat": {"values": [3794.18000000001], "sumValues": 3794.18000000001, "repetitions": 1, "mean": 3794.18000000001}, "userThroughputStat": {"values": [3794.16003073668], "sumValues": 3794.16003073668, "repetitions": 1, "mean": 3794.16003073668}, "packetDelayStat": {"values": [0.000250337732804129], "sumValues": 0.000250337732804129, "repetitions": 1, "mean": 0.000250337732804129}}, "nUser(10)timeslot(0.0015)userLambda(2000)": {"userThroughputTotalStat": {"values": [76040.8557894737], "sumValues": 76040.8557894737, "repetitions": 1, "mean": 76040.8557894737}, "userThroughputStat": {"values": [76041.2560066102], "sumValues": 76041.2560066102, "repetitions": 1, "mean": 76041.2560066102}, "packetDelayStat": {"values": [0.000750537387987395], "sumValues": 0.000750537387987395, "repetitions": 1, "mean": 0.000750537387987395}}, "nUser(10)timeslot(0.0005)userLambda(2000)": {"userThroughputTotalStat": {"values": [76041.5621052631], "sumValues": 76041.5621052631, "repetitions": 1, "mean": 76041.5621052631}, "userThroughputStat": {"values": [76041.1618886217], "sumValues": 76041.1618886217, "repetitions": 1, "mean": 76041.1618886217}, "packetDelayStat": {"values": [0.00025008555279595], "sumValues": 0.00025008555279595, "repetitions": 1, "mean": 0.00025008555279595}}, "nUser(200)timeslot(0.0005)userLambda(100)": {"userThroughputTotalStat": {"values": [3797.5708947368425], "sumValues": 3797.5708947368425, "repetitions": 1, "mean": 3797.5708947368425}, "userThroughputStat": {"values": [3797.5509076268017], "sumValues": 3797.5509076268017, "repetitions": 1, "mean": 3797.5509076268017}, "packetDelayStat": {"values": [0.00024991455831524864], "sumValues": 0.00024991455831524864, "repetitions": 1, "mean": 0.00024991455831524864}}, "nUser(10)timeslot(0.0015)userLambda(100)": {"userThroughputTotalStat": {"values": [3794.0789473684295], "sumValues": 3794.0789473684295, "repetitions": 1, "mean": 3794.0789473684295}, "userThroughputStat": {"values": [3794.0989163100808], "sumValues": 3794.0989163100808, "repetitions": 1, "mean": 3794.0989163100808}, "packetDelayStat": {"values": [0.0007522530984451169], "sumValues": 0.0007522530984451169, "repetitions": 1, "mean": 0.0007522530984451169}}, "nUser(200)timeslot(0.0005)userLambda(2000)": {"userThroughputTotalStat": {"values": [23004.02984210526], "sumValues": 23004.02984210526, "repetitions": 1, "mean": 23004.02984210526}, "userThroughputStat": {"values": [23003.90876890125], "sumValues": 23003.90876890125, "repetitions": 1, "mean": 23003.90876890125}, "packetDelayStat": {"values": [36.61653224309751], "sumValues": 36.61653224309751, "repetitions": 1, "mean": 36.61653224309751}}, "nUser(200)timeslot(0.0015)userLambda(2000)": {"userThroughputTotalStat": {"values": [7668.183999999996], "sumValues": 7668.183999999996, "repetitions": 1, "mean": 7668.183999999996}, "userThroughputStat": {"values": [7668.224359075561], "sumValues": 7668.224359075561, "repetitions": 1, "mean": 7668.224359075561}, "packetDelayStat": {"values": [47.19916317315423], "sumValues": 47.19916317315423, "repetitions": 1, "mean": 47.19916317315423}}, "nUser(200)timeslot(0.0015)userLambda(100)": {"userThroughputTotalStat": {"values": [3794.2194736842125], "sumValues": 3794.2194736842125, "repetitions": 1, "mean": 3794.2194736842125}, "userThroughputStat": {"values": [3794.2394433655013], "sumValues": 3794.2394433655013, "repetitions": 1, "mean": 3794.2394433655013}, "packetDelayStat": {"values": [0.09172425109155653], "sumValues": 0.09172425109155653, "repetitions": 1, "mean": 0.09172425109155653}}}